country,date,cases,date_start,date_end,mean_rt,median_rt,lb_rt,ub_rt
Belgium,2020-03-01,19,NA,NA,NA,NA,NA,NA
Belgium,2020-03-02,19,NA,NA,NA,NA,NA,NA
Belgium,2020-03-03,34,NA,NA,NA,NA,NA,NA
Belgium,2020-03-04,53,NA,NA,NA,NA,NA,NA
Belgium,2020-03-05,81,NA,NA,NA,NA,NA,NA
Belgium,2020-03-06,110,NA,NA,NA,NA,NA,NA
Belgium,2020-03-07,27,NA,NA,NA,NA,NA,NA
Belgium,2020-03-08,64,2020-03-02,2020-03-15,2.3332481186164635,2.3328003795066756,2.224799994827543,2.4442406883712606
Belgium,2020-03-09,94,2020-03-03,2020-03-16,2.3141784449255716,2.3138119978494602,2.2163641948432327,2.414075171054322
Belgium,2020-03-10,99,2020-03-04,2020-03-17,2.2773111710062066,2.2770066841722985,2.1887853021152806,2.367567404722468
Belgium,2020-03-11,174,2020-03-05,2020-03-18,2.263024706846658,2.2627710664511427,2.182414790704388,2.3450760343401362
Belgium,2020-03-12,250,2020-03-06,2020-03-19,2.2931480100681854,2.2929360383246316,2.2189063582358246,2.368594275638523
Belgium,2020-03-13,338,2020-03-07,2020-03-20,2.2070797977401977,2.2069028658546777,2.140499194247825,2.274665887509234
Belgium,2020-03-14,179,2020-03-08,2020-03-21,2.0459134872088933,2.0457652345184045,1.9872128706189314,2.1054566093137677
Belgium,2020-03-15,214,2020-03-09,2020-03-22,1.9010530150194256,1.9009268348401418,1.848834480170175,1.9539886196305762
Belgium,2020-03-16,387,2020-03-10,2020-03-23,2.053992146185674,2.053882706038144,2.003406088932933,2.1052001415268125
Belgium,2020-03-17,422,2020-03-11,2020-03-24,2.0899417367826305,2.0898469813922422,2.0424388792560175,2.137983080463055
Belgium,2020-03-18,534,2020-03-12,2020-03-25,2.0367096286462867,2.036628585503545,1.9933256597892584,2.08055415831395
Belgium,2020-03-19,713,2020-03-13,2020-03-26,1.9777308522885044,1.9776613855339527,1.938137852393902,2.01771862550221
Belgium,2020-03-20,662,2020-03-14,2020-03-27,1.9197190221404943,1.9196590499955395,1.883464395255815,1.9563144653819744
Belgium,2020-03-21,469,2020-03-15,2020-03-28,1.7734839553904558,1.773431802039968,1.7409837973145268,1.8062804963314134
Belgium,2020-03-22,486,2020-03-16,2020-03-29,1.627709056001424,1.6276630913317016,1.5984762151772802,1.6572031099782925
Belgium,2020-03-23,1328,2020-03-17,2020-03-30,1.6301538716551993,1.6301125655224715,1.6024146245404938,1.6581278578947265
Belgium,2020-03-24,1195,2020-03-18,2020-03-31,1.6203124781728713,1.620275007523583,1.5939673482586865,1.6468705505141925
Belgium,2020-03-25,1199,2020-03-19,2020-04-01,1.5704988320988276,1.5704648299167216,1.5457881601583277,1.5954027354812168
Belgium,2020-03-26,1363,2020-03-20,2020-04-02,1.5026251384504306,1.5025941457389957,1.4795466045899273,1.5258798011997423
Belgium,2020-03-27,1518,2020-03-21,2020-04-03,1.4693750406478385,1.4693465528916578,1.4474924290498308,1.4914195456989843
Belgium,2020-03-28,844,2020-03-22,2020-04-04,1.3962437727870598,1.3962173977996446,1.3757179181858692,1.4169195141621564
Belgium,2020-03-29,683,2020-03-23,2020-04-05,1.3158267966059054,1.3158021902960029,1.296580148892608,1.335213279852677
Belgium,2020-03-30,1738,2020-03-24,2020-04-06,1.283886073910474,1.283862854299567,1.2654168178998546,1.3024872849670468
Belgium,2020-03-31,1681,2020-03-25,2020-04-07,1.243131337786885,1.2431092389226641,1.2254010620139606,1.2609871995004855
Belgium,2020-04-01,1516,2020-03-26,2020-04-08,1.215065938632203,1.2150447887248301,1.1979168004339895,1.2323352699328038
Belgium,2020-04-02,1478,2020-03-27,2020-04-09,1.2228112843766892,1.222790930708693,1.2059332091074229,1.2398050277918693
Belgium,2020-04-03,1694,2020-03-28,2020-04-10,1.227061781909086,1.2270421590233103,1.210459566240594,1.2437755127537027
Belgium,2020-04-04,922,2020-03-29,2020-04-11,1.1925208828666383,1.1925019801208696,1.176456898158634,1.208692290257472
Belgium,2020-04-05,665,2020-03-30,2020-04-12,1.1427562843159682,1.1427380323907252,1.1273043284690614,1.158311964288006
Belgium,2020-04-06,1934,2020-03-31,2020-04-13,1.0468041550133327,1.0467864147282628,1.0322253675116433,1.0614837590292192
Belgium,2020-04-07,1515,2020-04-01,2020-04-14,1.0227889532168457,1.0227715126286765,1.008500759838906,1.0371762599568797
Belgium,2020-04-08,1598,2020-04-02,2020-04-15,1.0218263338682878,1.0218090133622346,1.0075939689500275,1.0361571297326855
Belgium,2020-04-09,2239,2020-04-03,2020-04-16,1.0273274682228088,1.0273102263181895,1.013089017147417,1.0416639035597723
Belgium,2020-04-10,2336,2020-04-04,2020-04-17,1.0071686817290355,1.0071515189113458,0.9931033608634456,1.0213315374110248
Belgium,2020-04-11,1029,2020-04-05,2020-04-18,0.993535339091956,0.9935182337031493,0.9795891802693492,1.0075787063669117
Belgium,2020-04-12,524,2020-04-06,2020-04-19,0.9817315862587946,0.9817144880379453,0.9678717037985521,0.9956886364357644
Belgium,2020-04-13,537,2020-04-07,2020-04-20,0.9496597764234407,0.949642647899889,0.9360169366587281,0.9633999561102404
Belgium,2020-04-14,1560,2020-04-08,2020-04-21,0.9421484281005208,0.9421312067550786,0.9285232055751463,0.9558715180458812
Belgium,2020-04-15,1633,2020-04-09,2020-04-22,0.9078478496357346,0.9078304729535569,0.8944138925839915,0.9213805568694986
Belgium,2020-04-16,1674,2020-04-10,2020-04-23,0.8525588941627585,0.8525412997313944,0.8394609705324941,0.8657568054191641
Belgium,2020-04-17,1394,2020-04-11,2020-04-24,0.7877290615558389,0.7877111101447475,0.7750143670807723,0.8005457723335245
Belgium,2020-04-18,722,2020-04-12,2020-04-25,0.7765872916763731,0.7765687830725035,0.7637695767284112,0.7895101894007202
Belgium,2020-04-19,443,2020-04-13,2020-04-26,0.7882514827863846,0.7882322576927312,0.7750909172888851,0.8015213028067176
Belgium,2020-04-20,1276,2020-04-14,2020-04-27,0.8323146422551817,0.8322946611943257,0.8185274701925187,0.8462153649377054
Belgium,2020-04-21,1270,2020-04-15,2020-04-28,0.7998385545584514,0.7998178773732363,0.7860917602766768,0.8137028554656648
Belgium,2020-04-22,777,2020-04-16,2020-04-29,0.7552248577659286,0.7552034930580315,0.7416493699084814,0.7689217593685399
Belgium,2020-04-23,976,2020-04-17,2020-04-30,0.7130288479747251,0.7130066249765308,0.699578699342905,0.7266052879257643
Belgium,2020-04-24,811,2020-04-18,2020-05-01,0.6666354076761308,0.6666121102949281,0.6533232173078858,0.6800799949675487
Belgium,2020-04-25,388,2020-04-19,2020-05-02,0.6724422939719918,0.6724176679588149,0.658697915922869,0.6863266194314814
Belgium,2020-04-26,205,2020-04-20,2020-05-03,0.6903264276977741,0.6903002761738012,0.6759768726445198,0.7048245994944627
Belgium,2020-04-27,755,2020-04-21,2020-05-04,0.6815108870626352,0.6814831598988965,0.6668327852214393,0.6963465598486793
Belgium,2020-04-28,569,2020-04-22,2020-05-05,0.6581557132942911,0.658126340754852,0.6433132778688276,0.6731650701598059
Belgium,2020-04-29,522,2020-04-23,2020-05-06,0.6781611289198172,0.6781299235277239,0.6626331969957747,0.6938663982076424
Belgium,2020-04-30,586,2020-04-24,2020-05-07,0.6679370646706573,0.66790388378812,0.6520498776271807,0.6840128155816337
Belgium,2020-05-01,237,2020-04-25,2020-05-08,0.6747866105638295,0.674751366630655,0.6583317167296602,0.6914417923708808
Belgium,2020-05-02,286,2020-04-26,2020-05-09,0.7004872986006588,0.7004498437487977,0.6832053559203385,0.7179820936877732
Belgium,2020-05-03,140,2020-04-27,2020-05-10,0.7320136996825207,0.731974005162571,0.7138273997225016,0.7504255798663424
Belgium,2020-05-04,670,2020-04-28,2020-05-11,0.7367271263160877,0.7366852767542917,0.7179963935401118,0.7556956861927528
Belgium,2020-05-05,546,2020-04-29,2020-05-12,0.7509033865188076,0.7508594282252162,0.7315246043756044,0.7705319794695604
Belgium,2020-05-06,552,2020-04-30,2020-05-13,0.7594979813662843,0.7594518930243188,0.7395443488112631,0.779713529570186
Belgium,2020-05-07,442,2020-05-01,2020-05-14,0.753839486715862,0.7537912754780051,0.7335112075431993,0.7744417457181587
Belgium,2020-05-08,483,2020-05-02,2020-05-15,0.8046111166606484,0.8045607124662488,0.7831356002099942,0.8263730753163666
Belgium,2020-05-09,240,2020-05-03,2020-05-16,0.8162444226181214,0.8161919181097128,0.7941701217264828,0.838617101578987
Belgium,2020-05-10,118,2020-05-04,2020-05-17,0.8355413205452598,0.8354869558074823,0.8128163017340552,0.8585752889215211
Belgium,2020-05-11,476,2020-05-05,2020-05-18,0.803228534982846,0.8031724051047573,0.7805940516371668,0.8261819989575927
Belgium,2020-05-12,395,2020-05-06,2020-05-19,0.7855367351068725,0.7854787541187999,0.7627912690914148,0.8086117013799851
Belgium,2020-05-13,321,2020-05-07,2020-05-20,0.7848553804952393,0.7847952253112739,0.7617006310257972,0.8083519859271974
Belgium,2020-05-14,305,2020-05-08,2020-05-21,0.7459444964157351,0.7458819758071982,0.7229392740345918,0.7693050171367397
Belgium,2020-05-15,346,2020-05-09,2020-05-22,0.7318608457981737,0.7317956534540855,0.7085976154609763,0.7554945576061062
Belgium,2020-05-16,147,2020-05-10,2020-05-23,0.7430249073829587,0.7429565843705773,0.7190317684826293,0.7674063189816537
Belgium,2020-05-17,81,2020-05-11,2020-05-24,0.7699991929312249,0.7699275396227329,0.74498744606377,0.7954181382125167
Belgium,2020-05-18,317,2020-05-12,2020-05-25,0.7686223923631267,0.768547479198135,0.7430757838635358,0.7945947246360096
Belgium,2020-05-19,292,2020-05-13,2020-05-26,0.7563467932303367,0.7562686677368519,0.7304737545050216,0.7826638109615686
Belgium,2020-05-20,385,2020-05-14,2020-05-27,0.755602945883111,0.755521384090795,0.7291850960875633,0.782484302729582
Belgium,2020-05-21,70,2020-05-15,2020-05-28,0.7555290380608863,0.7554437848584762,0.7285266383437484,0.7830159226326321
Belgium,2020-05-22,248,2020-05-16,2020-05-29,0.7414109196270154,0.7413217989305948,0.7140699140019179,0.769258388521112
Belgium,2020-05-23,123,2020-05-17,2020-05-30,0.7518935151574784,0.7518002417508787,0.7237298846511323,0.7805872082578195
Belgium,2020-05-24,75,2020-05-18,2020-05-31,0.7780101599128251,0.7779124834793739,0.7486948553533616,0.807880548956049
Belgium,2020-05-25,314,2020-05-19,2020-06-01,0.7332950039883519,0.733193032513937,0.7042301003330987,0.762939400078168
Belgium,2020-05-26,202,2020-05-20,2020-06-02,0.7308337578015232,0.7307271939622695,0.7011786153902531,0.7610944903857589
Belgium,2020-05-27,182,2020-05-21,2020-06-03,0.6913874332908682,0.6912755615204994,0.6618502834735016,0.721560337263962
Belgium,2020-05-28,171,2020-05-22,2020-06-04,0.7644705058382323,0.7643526443598829,0.7325825963405049,0.7970282084939029
Belgium,2020-05-29,165,2020-05-23,2020-06-05,0.7689823967659166,0.7688584508669132,0.7361931857863468,0.8024759777754606
Belgium,2020-05-30,61,2020-05-24,2020-06-06,0.7816693880227539,0.7815400192070843,0.7479002025882059,0.816173761167137
Belgium,2020-05-31,49,2020-05-25,2020-06-07,0.8056867465181669,0.8055519301235797,0.7706904149842518,0.8414492236567936
Belgium,2020-06-01,59,2020-05-26,2020-06-08,0.7687523445163308,0.7686123213021726,0.7339303070235795,0.8043701169056298
Belgium,2020-06-02,181,2020-05-27,2020-06-09,0.7739429591712316,0.7737974586850073,0.7383332812413304,0.8103794984850027
Belgium,2020-06-03,159,2020-05-28,2020-06-10,0.7780140008543828,0.7778623464619105,0.7415713490324205,0.8153184857267558
Belgium,2020-06-04,172,2020-05-29,2020-06-11,0.7742367252712516,0.7740787879721418,0.7371473743579614,0.8122236139032168
Belgium,2020-06-05,154,2020-05-30,2020-06-12,0.768761827906867,0.7685973579494774,0.73105831842703,0.80739999902425
Belgium,2020-06-06,69,2020-05-31,2020-06-13,0.7950343294694878,0.7948629185492524,0.755893160869726,0.8351496042455349
Belgium,2020-06-07,53,2020-06-01,2020-06-14,0.8128421955514407,0.8126638302941852,0.7724747056693868,0.8542233120637344
Belgium,2020-06-08,152,2020-06-02,2020-06-15,0.8912609039743762,0.8910760402468025,0.8482127974541203,0.9353595675680535
Belgium,2020-06-09,145,2020-06-03,2020-06-16,0.8695738663053285,0.8693838029025193,0.8264729220430574,0.9137549162776272
Belgium,2020-06-10,119,2020-06-04,2020-06-17,0.8677831134784589,0.8675888559076158,0.8242606897081971,0.9124094776513139
Belgium,2020-06-11,95,2020-06-05,2020-06-18,0.8504512662223257,0.8502523385285792,0.8068631871222737,0.8951698249922208
Belgium,2020-06-12,89,2020-06-06,2020-06-19,0.8518568008872276,0.8516528208760402,0.807689007567179,0.8971837852823911
Belgium,2020-06-13,49,2020-06-07,2020-06-20,0.8628373161655344,0.8626278478319971,0.8177958315816661,0.9090691810754632
Belgium,2020-06-14,22,2020-06-08,2020-06-21,0.8638913638108806,0.8636764749677834,0.8182503951591658,0.9107535165373696
Belgium,2020-06-15,147,2020-06-09,2020-06-22,0.8793195515864659,0.8790993461290487,0.8327088093898067,0.9271816913742634
Belgium,2020-06-16,99,2020-06-10,2020-06-23,0.8762040381970883,0.8759786873836338,0.8291440204679866,0.9245446935455205
Belgium,2020-06-17,123,2020-06-11,2020-06-24,0.8824328370174872,0.882202507631958,0.8346918591645279,0.9314827448387696
Belgium,2020-06-18,108,2020-06-12,2020-06-25,0.8882884963455574,0.8880531368753545,0.839874205997374,0.938040301735889
Belgium,2020-06-19,121,2020-06-13,2020-06-26,0.9239941677935968,0.9237539308084545,0.874100888045479,0.9752526810779247
Belgium,2020-06-20,50,2020-06-14,2020-06-27,0.9340871539162674,0.933842767811342,0.8834929569061037,0.9860701632500649
Belgium,2020-06-21,20,2020-06-15,2020-06-28,0.9477644140446834,0.9475168381862926,0.8964690869927571,1.0004666803684747
Belgium,2020-06-22,143,2020-06-16,2020-06-29,0.9431118283106397,0.9428615450520212,0.8916691700494156,0.9959768113992947
Belgium,2020-06-23,110,2020-06-17,2020-06-30,0.9532135224106181,0.9529607595966092,0.9012402575792858,1.0066232030481082
Belgium,2020-06-24,100,2020-06-18,2020-07-01,0.9714000591310759,0.971144909489882,0.9186827193293678,1.0255673788827822
Belgium,2020-06-25,76,2020-06-19,2020-07-02,0.9666513779254081,0.9663944386153692,0.9138832967502809,1.0208796093157728
Belgium,2020-06-26,113,2020-06-20,2020-07-03,0.9512094445198687,0.9509510463967535,0.8987241495219508,1.0051631796380902
Belgium,2020-06-27,41,2020-06-21,2020-07-04,0.9690400377581498,0.9687797654639505,0.9158691004348029,1.023690066023965
Belgium,2020-06-28,24,2020-06-22,2020-07-05,0.9791707763805871,0.9789086280120893,0.9255291343256992,1.0343021708938267
Belgium,2020-06-29,127,2020-06-23,2020-07-06,0.959358340723302,0.9590949383352565,0.906144757254828,1.0140688026792497
Belgium,2020-06-30,100,2020-06-24,2020-07-07,0.9558084092960325,0.95554358211058,0.902553349631321,1.0105684442268341
Belgium,2020-07-01,135,2020-06-25,2020-07-08,0.9925413355743424,0.9922745361419956,0.9380592422408808,1.0485396126484146
Belgium,2020-07-02,93,2020-06-26,2020-07-09,1.035999364095003,1.035731260656712,0.9801867469716152,1.0933355760209678
Belgium,2020-07-03,94,2020-06-27,2020-07-10,1.0454111294220585,1.0451434992287119,0.9893909196242859,1.1029522447973534
Belgium,2020-07-04,64,2020-06-28,2020-07-11,1.0555240485121231,1.0552581183642582,0.9994064919357405,1.113152849774405
Belgium,2020-07-05,24,2020-06-29,2020-07-12,1.0620628566096928,1.0617990672540312,1.0059933859719394,1.1196314063067272
Belgium,2020-07-06,112,2020-06-30,2020-07-13,1.127936449894686,1.1276751828136773,1.0704046862544627,1.1869529597933086
Belgium,2020-07-07,99,2020-07-01,2020-07-14,1.1934193126246062,1.1931620091409438,1.1346648352464765,1.2536360125511654
Belgium,2020-07-08,137,2020-07-02,2020-07-15,1.2568551044403784,1.256604394182567,1.1973084322206564,1.3178265316272528
Belgium,2020-07-09,124,2020-07-03,2020-07-16,1.3086229503273041,1.3083811580222566,1.2489257995043042,1.3696941772764548
Belgium,2020-07-10,127,2020-07-04,2020-07-17,1.3753791172086243,1.3751480456311662,1.315518263034718,1.4365531237587967
Belgium,2020-07-11,62,2020-07-05,2020-07-18,1.3457318562303935,1.3455130443688827,1.2881015614747013,1.404605633105426
Belgium,2020-07-12,43,2020-07-06,2020-07-19,1.295052772201497,1.2948462305673292,1.240120322386451,1.351158974013044
Belgium,2020-07-13,224,2020-07-07,2020-07-20,1.424449216481006,1.4242530971990677,1.368267445532539,1.4817455113367763
Belgium,2020-07-14,207,2020-07-08,2020-07-21,1.3703699765128028,1.3701848208508263,1.316822408455764,1.424969763555662
Belgium,2020-07-15,260,2020-07-09,2020-07-22,1.5025501320175978,1.502376410287501,1.4481981867303912,1.5578893192604997
Belgium,2020-07-16,226,2020-07-10,2020-07-23,1.5558020535312787,1.555639892470087,1.5023426513891256,1.6101829999860098
Belgium,2020-07-17,274,2020-07-11,2020-07-24,1.5972483288253547,1.597099069710252,1.545257114268658,1.6500877676343226
Belgium,2020-07-18,130,2020-07-12,2020-07-25,1.5290703341125642,1.5289338365170353,1.4804150536337235,1.578501316558939
Belgium,2020-07-19,64,2020-07-13,2020-07-26,1.4536846483104953,1.4535596020812105,1.4082708359640974,1.4998090857610433
Belgium,2020-07-20,443,2020-07-14,2020-07-27,1.4742341503539,1.4741184168342383,1.430220969539901,1.5189050332703828
Belgium,2020-07-21,145,2020-07-15,2020-07-28,1.5237960157697152,1.523688495525618,1.480649314821623,1.5675537437747378
Belgium,2020-07-22,553,2020-07-16,2020-07-29,1.540401802173168,1.5403024289627703,1.4986835654484707,1.5826847672867237
Belgium,2020-07-23,439,2020-07-17,2020-07-30,1.529235042765719,1.529143626051846,1.4893569479947306,1.5696326500149551
Belgium,2020-07-24,496,2020-07-18,2020-07-31,1.5097972930785972,1.5097132201113561,1.4717896548373495,1.5482827100596055
Belgium,2020-07-25,229,2020-07-19,2020-08-01,1.4331278688689522,1.4330503823000131,1.3975746356619456,1.4691214509626596
Belgium,2020-07-26,184,2020-07-20,2020-08-02,1.3480105892668584,1.3479386845458183,1.3147930878395857,1.381636718475238
Belgium,2020-07-27,595,2020-07-21,2020-08-03,1.3368326727430666,1.336765156547658,1.3047732037670545,1.3692758299621839
Belgium,2020-07-28,685,2020-07-22,2020-08-04,1.3922552236138266,1.392191370932146,1.3604289744789262,1.4244443416487915
Belgium,2020-07-29,703,2020-07-23,2020-08-05,1.351173466994911,1.351113270845715,1.3207287367728449,1.3819602863972362
Belgium,2020-07-30,635,2020-07-24,2020-08-06,1.3284796731414092,1.3284229881441716,1.2991818081525093,1.3580996737798656
Belgium,2020-07-31,684,NA,NA,NA,NA,NA,NA
Belgium,2020-08-01,309,NA,NA,NA,NA,NA,NA
Belgium,2020-08-02,148,NA,NA,NA,NA,NA,NA
Belgium,2020-08-03,794,NA,NA,NA,NA,NA,NA
Belgium,2020-08-04,813,NA,NA,NA,NA,NA,NA
Belgium,2020-08-05,767,NA,NA,NA,NA,NA,NA
Belgium,2020-08-06,769,NA,NA,NA,NA,NA,NA
England,2020-02-05,1,NA,NA,NA,NA,NA,NA
England,2020-02-06,0,NA,NA,NA,NA,NA,NA
England,2020-02-07,0,NA,NA,NA,NA,NA,NA
England,2020-02-08,4,NA,NA,NA,NA,NA,NA
England,2020-02-09,1,NA,NA,NA,NA,NA,NA
England,2020-02-10,0,NA,NA,NA,NA,NA,NA
England,2020-02-11,1,NA,NA,NA,NA,NA,NA
England,2020-02-12,0,2020-02-06,2020-02-19,1.0951385296963456,1.043453791347239,0.4403024877533124,2.043133311375533
England,2020-02-13,0,2020-02-07,2020-02-20,1.0803172225469457,1.0293319713962497,0.434343553579527,2.0154821005616252
England,2020-02-14,0,2020-02-08,2020-02-21,1.240186337417855,1.1889122971048747,0.5354244346672077,2.235850616574551
England,2020-02-15,0,2020-02-09,2020-02-22,0.6162772759039392,0.5657518988139024,0.16791481589011506,1.3507677911316915
England,2020-02-16,0,2020-02-10,2020-02-23,0.6342204025048565,0.5822239615396251,0.17280371398434835,1.3900958637904912
England,2020-02-17,0,2020-02-11,2020-02-24,1.0388843454437866,0.9817736158493169,0.381252245045713,2.0203412557746447
England,2020-02-18,0,2020-02-12,2020-02-25,1.833756409862435,1.7730067399862643,0.8793574759314713,3.1329367840279763
England,2020-02-19,0,2020-02-13,2020-02-26,2.4639814109168188,2.405570021076187,1.3470815658041502,3.912520164261757
England,2020-02-20,0,2020-02-14,2020-02-27,3.188422381684377,3.1379578095919536,1.9736837074548435,4.689771211372039
England,2020-02-21,1,2020-02-15,2020-02-28,3.85262484604933,3.812568504968883,2.635192542706065,5.297603022822263
England,2020-02-22,0,2020-02-16,2020-02-29,3.273845937636177,3.2443995350767327,2.3050896689242157,4.409885917208823
England,2020-02-23,1,2020-02-17,2020-03-01,3.7251980532463507,3.7034360628400336,2.821428626873539,4.752611467379809
England,2020-02-24,2,2020-02-18,2020-03-02,4.627760233661214,4.6117015783905515,3.748500647026987,5.598267771331494
England,2020-02-25,5,2020-02-19,2020-03-03,4.927083383398728,4.916065220057907,4.167729033053786,5.749047723019967
England,2020-02-26,4,2020-02-20,2020-03-04,4.292372944312906,4.285148893953101,3.715284623251984,4.910512322705298
England,2020-02-27,7,2020-02-21,2020-03-05,3.574654738472012,3.5697924407418227,3.1410208555656514,4.035919231099696
England,2020-02-28,11,2020-02-22,2020-03-06,3.3038926953224417,3.3004192207045286,2.950161720539065,3.677362352246326
England,2020-02-29,5,2020-02-23,2020-03-07,2.8720105075243945,2.8694304973589198,2.587165277543556,3.1715172227373514
England,2020-03-01,20,2020-02-24,2020-03-08,2.497458774748649,2.4954769445159113,2.264291674563853,2.7418881136655675
England,2020-03-02,39,2020-02-25,2020-03-09,2.581333162564784,2.5797458004836966,2.3685622434851736,2.8031247190940376
England,2020-03-03,53,2020-02-26,2020-03-10,2.9454245446113068,2.9441378710964936,2.7401105852050285,3.1580504424400133
England,2020-03-04,49,2020-02-27,2020-03-11,3.3829925549353335,3.381978522497174,3.187052750850816,3.5846949563255377
England,2020-03-05,47,2020-02-28,2020-03-12,3.4906498896304057,3.4898844260845228,3.317353027229306,3.668296782136996
England,2020-03-06,73,2020-02-29,2020-03-13,3.2193375013888264,3.2187733168147763,3.0762669902934228,3.36561420564154
England,2020-03-07,54,2020-03-01,2020-03-14,2.793954317189456,2.7935331081707293,2.6786967890152797,2.9116055278400896
England,2020-03-08,50,2020-03-02,2020-03-15,2.533985904784064,2.533659661975186,2.4373080230513406,2.6325177884777875
England,2020-03-09,124,2020-03-03,2020-03-16,2.4291561998324447,2.428894667780456,2.344335394191543,2.5154632645166983
England,2020-03-10,226,2020-03-04,2020-03-17,2.383851222487159,2.3836377339268293,2.3078754668078583,2.461040211951597
England,2020-03-11,353,2020-03-05,2020-03-18,2.414108544505526,2.4139329241563177,2.3447088727990577,2.4845062494392756
England,2020-03-12,415,2020-03-06,2020-03-19,2.3694954631673837,2.3693509392413072,2.3070855445494836,2.4327266974546378
England,2020-03-13,393,2020-03-07,2020-03-20,2.3136192150386794,2.3135001476697266,2.2576136085750753,2.3703014702332488
England,2020-03-14,314,2020-03-08,2020-03-21,2.208549575169739,2.208450865416196,2.1587068365001256,2.258953272288366
England,2020-03-15,398,2020-03-09,2020-03-22,2.1362875577492213,2.1362049294183034,2.0914198921829796,2.1816247926261685
England,2020-03-16,546,2020-03-10,2020-03-23,2.2039385760417995,2.2038686767031064,2.162002231106239,2.246272152684588
England,2020-03-17,679,2020-03-11,2020-03-24,2.1821711626222546,2.1821120639152936,2.143787697021171,2.220890480962787
England,2020-03-18,909,2020-03-12,2020-03-25,2.1260929673322733,2.126043136457379,2.0912925944851044,2.161176524685775
England,2020-03-19,930,2020-03-13,2020-03-26,2.0813137943313813,2.081271553174444,2.0496032910779616,2.1132643504160002
England,2020-03-20,1085,2020-03-14,2020-03-27,2.0198173505830765,2.0197813237040516,1.9909611743641453,2.048878264449903
England,2020-03-21,1035,2020-03-15,2020-03-28,1.9253202121748016,1.9252892834243822,1.8992117816839182,1.9516044081000004
England,2020-03-22,1210,2020-03-16,2020-03-29,1.8336715424589083,1.8336447250555088,1.8099422737415465,1.8575532121866243
England,2020-03-23,2016,2020-03-17,2020-03-30,1.8192954843833127,1.819271952877603,1.7971505244116326,1.8415741718983287
England,2020-03-24,2024,2020-03-18,2020-03-31,1.8008634223754922,1.800842636829242,1.7801528443236367,1.821692122923119
England,2020-03-25,2267,2020-03-19,2020-04-01,1.770162309040648,1.7701439118525835,1.7508418817736275,1.789587285971069
England,2020-03-26,2617,2020-03-20,2020-04-02,1.725951500192523,1.725935161088309,1.7079703891808717,1.7440254649544231
England,2020-03-27,2657,2020-03-21,2020-04-03,1.67287037633142,1.672855791099299,1.6561432555201514,1.6896803837882104
England,2020-03-28,2376,2020-03-22,2020-04-04,1.5955510777192605,1.5955379718425549,1.580064572833834,1.611112062199424
England,2020-03-29,2440,2020-03-23,2020-04-05,1.5134448517423085,1.5134329693013555,1.4990825350264836,1.527874695371343
England,2020-03-30,3525,2020-03-24,2020-04-06,1.4650698786696428,1.4650589849182618,1.4515387605172865,1.4786629050964477
England,2020-03-31,3788,2020-03-25,2020-04-07,1.4330013718906345,1.432991291773163,1.420127798796074,1.4459322294473202
England,2020-04-01,4102,2020-03-26,2020-04-08,1.390697575883222,1.390688194249152,1.3784621631180196,1.4029863036885484
England,2020-04-02,4068,2020-03-27,2020-04-09,1.3395542891495054,1.3395455092848636,1.3279371108523692,1.3512213626819027
England,2020-04-03,4106,2020-03-28,2020-04-10,1.2854194309097196,1.285411156521343,1.2743716424137888,1.2965142420618487
England,2020-04-04,3384,2020-03-29,2020-04-11,1.2376733692682125,1.2376655090871396,1.227107371985758,1.2482840353015923
England,2020-04-05,3085,2020-03-30,2020-04-12,1.1963717934188782,1.196364268082478,1.1862071619866523,1.2065791907078898
England,2020-04-06,4389,2020-03-31,2020-04-13,1.15161196204743,1.1516047068929398,1.1418199645723057,1.161445189958148
England,2020-04-07,4582,2020-04-01,2020-04-14,1.1130164063831762,1.1130093637664062,1.103531988248597,1.122540847119237
England,2020-04-08,4292,2020-04-02,2020-04-15,1.0902524222916694,1.0902455396533939,1.080972700758974,1.099571257281478
England,2020-04-09,4062,2020-04-03,2020-04-16,1.0770414600923597,1.0770346992656603,1.0679000615053198,1.0862212798915738
England,2020-04-10,3583,2020-04-04,2020-04-17,1.0606175977111207,1.0606109358406417,1.0516128042572805,1.069660250017214
England,2020-04-11,3080,2020-04-05,2020-04-18,1.0622562201958332,1.062249639056924,1.0532991150066988,1.071250725446589
England,2020-04-12,2946,2020-04-06,2020-04-19,1.0584446764925273,1.0584381657985553,1.0495515703962204,1.067374782317835
England,2020-04-13,3442,2020-04-07,2020-04-20,1.0338664842939898,1.0338600416815942,1.0251234316917994,1.0426461497231667
England,2020-04-14,3558,2020-04-08,2020-04-21,1.01373508838954,1.0137286984777087,1.0051131620755718,1.022393328037502
England,2020-04-15,4224,2020-04-09,2020-04-22,1.0188877680467294,1.0188814066449605,1.0102631756579703,1.0275485117492662
England,2020-04-16,4368,2020-04-10,2020-04-23,1.0252891805209934,1.0252828384284247,1.0166505938302697,1.0339638087930052
England,2020-04-17,4073,2020-04-11,2020-04-24,1.0361209188225529,1.036114601404129,1.027453599999739,1.0448241390056758
England,2020-04-18,4118,2020-04-12,2020-04-25,1.0363293626351444,1.0363230780871708,1.027683703874664,1.0450107359559586
England,2020-04-19,3472,2020-04-13,2020-04-26,1.0334666446888177,1.0334603987499658,1.0248594666714508,1.0421093178541374
England,2020-04-20,3690,2020-04-14,2020-04-27,1.0383675643032797,1.0383613555000526,1.0297655932972174,1.047004819418733
England,2020-04-21,3973,2020-04-15,2020-04-28,1.0425611099828025,1.0425549389803288,1.0339679757100517,1.051189313546504
England,2020-04-22,4799,2020-04-16,2020-04-29,1.0450073494319234,1.0450012206505181,1.0364335407009853,1.0536159875150843
England,2020-04-23,4561,2020-04-17,2020-04-30,1.0362592150223247,1.0362531315531835,1.0277529976888684,1.044800004202188
England,2020-04-24,4365,2020-04-18,2020-05-01,1.0293982096282706,1.0293921684589096,1.020949721953038,1.0378810287638003
England,2020-04-25,3377,2020-04-19,2020-05-02,0.9988614606404096,0.998855453794458,0.9905631098170965,1.0071939478667655
England,2020-04-26,3133,2020-04-20,2020-05-03,0.9809657099077599,0.9809597195766314,0.9727534749664113,0.9892119873996738
England,2020-04-27,4035,2020-04-21,2020-05-04,0.9670026725078492,0.9669966740362715,0.9588436885649377,0.9751957452626927
England,2020-04-28,4126,2020-04-22,2020-05-05,0.955970877003415,0.9559648539322685,0.9478420820296558,0.96413390058627
England,2020-04-29,4745,2020-04-23,2020-05-06,0.9341473012721934,0.934141240071279,0.9260866838798063,0.9422423639617095
England,2020-04-30,4312,2020-04-24,2020-05-07,0.9177202620349398,0.9177141453751075,0.909694596530762,0.9257806880044005
England,2020-05-01,4092,2020-04-25,2020-05-08,0.8967630995217207,0.8967569060718171,0.8887802671197821,0.9047811287801604
England,2020-05-02,2748,2020-04-26,2020-05-09,0.8811037858652763,0.881097494207233,0.8731287654256633,0.8891145612696947
England,2020-05-03,2629,2020-04-27,2020-05-10,0.8763322822224638,0.8763258696836468,0.8683030664103761,0.8843979399544094
England,2020-05-04,2840,2020-04-28,2020-05-11,0.8759363398728766,0.8759297912165296,0.8678243863741891,0.884085508835695
England,2020-05-05,3143,2020-04-29,2020-05-12,0.8709717709760937,0.8709650791810699,0.8627951715146311,0.8791863993464694
England,2020-05-06,3266,2020-04-30,2020-05-13,0.8522284180674419,0.8522215763311178,0.8440505877635451,0.8604451293835566
England,2020-05-07,3200,2020-05-01,2020-05-14,0.8288831251937512,0.8288761160367532,0.8207205111370128,0.837085571699672
England,2020-05-08,2617,2020-05-02,2020-05-15,0.8099188388137558,0.8099116316667637,0.801737492876221,0.8181411423602554
England,2020-05-09,1794,2020-05-03,2020-05-16,0.8141654526052113,0.814158013443912,0.8058319774389463,0.8225412038978128
England,2020-05-10,2005,2020-05-04,2020-05-17,0.817752709781284,0.8177450185823671,0.8092609094516178,0.8262882185453698
England,2020-05-11,3068,2020-05-05,2020-05-18,0.8301525796766089,0.8301446321478713,0.8214554328374093,0.838894891650681
England,2020-05-12,2925,2020-05-06,2020-05-19,0.8429814529088239,0.842973250639819,0.8340782020377416,0.8519313165819348
England,2020-05-13,2881,2020-05-07,2020-05-20,0.8449213436637519,0.8449128969148891,0.8358763136052134,0.8540143758822181
England,2020-05-14,2210,2020-05-08,2020-05-21,0.8447829899907868,0.8447743036493948,0.8356116717634549,0.8540036719616066
England,2020-05-15,2132,2020-05-09,2020-05-22,0.8465759398255145,0.8465670091510823,0.837266988998623,0.8559356429193842
England,2020-05-16,1770,2020-05-10,2020-05-23,0.856628121572342,0.8566189413330426,0.8471343356518807,0.8661740780154691
England,2020-05-17,1589,2020-05-11,2020-05-24,0.8568953557255339,0.8568859283301093,0.8472734690781749,0.8665708174623125
England,2020-05-18,2217,2020-05-12,2020-05-25,0.8301390714905609,0.8301293999498705,0.8205475268323548,0.839785578693694
England,2020-05-19,2583,2020-05-13,2020-05-26,0.8096642863323762,0.8096543438933911,0.8000607530623046,0.819324321638045
England,2020-05-20,2351,2020-05-14,2020-05-27,0.7967652437363092,0.796754980266573,0.7870866244654136,0.8065021894319397
England,2020-05-21,2275,2020-05-15,2020-05-28,0.8045791347448965,0.8045685073707035,0.7946826276217992,0.8145360363300266
England,2020-05-22,1797,2020-05-16,2020-05-29,0.8085976906004063,0.808586678060634,0.7984987901727302,0.8187591743523098
England,2020-05-23,1300,2020-05-17,2020-05-30,0.8107714783681486,0.810760077546219,0.800482797548011,0.821124949085808
England,2020-05-24,1199,2020-05-18,2020-05-31,0.8175251552317052,0.8175133583621819,0.80701622489172,0.828101126172934
England,2020-05-25,1381,2020-05-19,2020-06-01,0.8121831750562,0.8121709773989717,0.8015328769469263,0.8229027914074425
England,2020-05-26,1459,2020-05-20,2020-06-02,0.793167615104316,0.7931550059638252,0.7824676846880181,0.803939202184355
England,2020-05-27,1613,2020-05-21,2020-06-03,0.7781257907896074,0.778112729986465,0.7673406591687736,0.7889851458317874
England,2020-05-28,1569,2020-05-22,2020-06-04,0.7623813248441594,0.7623677547953468,0.7515008500019648,0.773338917104093
England,2020-05-29,1371,2020-05-23,2020-06-05,0.7614637171526668,0.761449578315703,0.7503650828881961,0.7726427012065724
England,2020-05-30,1000,2020-05-24,2020-06-06,0.7691766214021442,0.7691618642171197,0.7577812914335711,0.7806558151768151
England,2020-05-31,984,2020-05-25,2020-06-07,0.7778335874776082,0.7778181909841353,0.7661294025102628,0.7896252693836507
England,2020-06-01,1312,2020-05-26,2020-06-08,0.7915096724347481,0.791493630870521,0.7794587837942503,0.8036517238935248
England,2020-06-02,1356,2020-05-27,2020-06-09,0.8028649533645229,0.8028482719045363,0.7904888112326944,0.8153358947849009
England,2020-06-03,1242,2020-05-28,2020-06-10,0.8054205420799476,0.8054032346735285,0.7927951151755787,0.818144325469435
England,2020-06-04,1143,2020-05-29,2020-06-11,0.7994688766347909,0.7994509445600401,0.7866662804364483,0.8123733792504039
England,2020-06-05,1022,2020-05-30,2020-06-12,0.8040796020821773,0.8040610201747421,0.7910103532924435,0.8172544502289444
England,2020-06-06,722,2020-05-31,2020-06-13,0.821033226587615,0.8210139685057811,0.8075891892275993,0.8345867059432787
England,2020-06-07,665,2020-06-01,2020-06-14,0.8351342275037144,0.835114305017834,0.8213438004832555,0.8490378722682239
England,2020-06-08,988,2020-06-02,2020-06-15,0.8385425974061119,0.8385220449810254,0.8245080769393546,0.8526939155034107
England,2020-06-09,1055,2020-06-03,2020-06-16,0.8404113974784395,0.8403902311861725,0.8261537774542631,0.8547893036834614
England,2020-06-10,1082,2020-06-04,2020-06-17,0.8434476188210672,0.843425832853209,0.8289574702718474,0.858061575110095
England,2020-06-11,918,2020-06-05,2020-06-18,0.8542580721089448,0.8542356595656542,0.8394676390860342,0.8691758736427901
England,2020-06-12,934,2020-06-06,2020-06-19,0.8631250626456969,0.8631020331900449,0.8480553962137968,0.8783256034449752
England,2020-06-13,787,2020-06-07,2020-06-20,0.8785774577396586,0.8785538363690546,0.8631796005599355,0.894109553086238
England,2020-06-14,746,2020-06-08,2020-06-21,0.8910550297074492,0.8910308525067604,0.8753671490215105,0.9068803072923313
England,2020-06-15,939,2020-06-09,2020-06-22,0.8969215433119782,0.8968968593303925,0.8810184986717612,0.9129648648402116
England,2020-06-16,991,2020-06-10,2020-06-23,0.8895447014415218,0.8895195433378753,0.873556783329849,0.905675590830895
England,2020-06-17,912,2020-06-11,2020-06-24,0.8792658708217856,0.879240231148602,0.8632202902172323,0.8954571594162704
England,2020-06-18,943,2020-06-12,2020-06-25,0.8753089279545212,0.8752827604126446,0.8591364532855426,0.8916301104402764
England,2020-06-19,810,2020-06-13,2020-06-26,0.871174613725691,0.8711478743193107,0.8548660288552388,0.8876351562635119
England,2020-06-20,627,2020-06-14,2020-06-27,0.8675503687661521,0.8675230255517183,0.8510940430152011,0.8841620835670604
England,2020-06-21,552,2020-06-15,2020-06-28,0.8596458950713595,0.8596179147009342,0.8430762226366668,0.8763745774504893
England,2020-06-22,815,2020-06-16,2020-06-29,0.8571660693423898,0.8571374084611962,0.8404214088639277,0.8740736070416807
England,2020-06-23,729,2020-06-17,2020-06-30,0.8418420426216633,0.8418126560604836,0.8250407492631159,0.8588103371660903
England,2020-06-24,727,2020-06-18,2020-07-01,0.8366511961020275,0.8366210206049733,0.8196798295098047,0.8537940473242536
England,2020-06-25,637,2020-06-19,2020-07-02,0.8251804834159009,0.8251494384586381,0.8080866106987056,0.8424507818166963
England,2020-06-26,644,2020-06-20,2020-07-03,0.8242032203887031,0.8241712338348315,0.8068637365486102,0.8417244809125572
England,2020-06-27,503,2020-06-21,2020-07-04,0.8263095540407256,0.8262765560099989,0.8086768940527324,0.8441297388356821
England,2020-06-28,411,2020-06-22,2020-07-05,0.851114599847377,0.8510805582287987,0.832938539737008,0.8694841153790839
England,2020-06-29,667,2020-06-23,2020-07-06,0.8595663456594617,0.8595313016234503,0.8410342255574621,0.8782976178240348
England,2020-06-30,571,2020-06-24,2020-07-07,0.8636487170330845,0.8636127499198687,0.8448306636708566,0.8826711682147154
England,2020-07-01,605,2020-06-25,2020-07-08,0.8793818017683809,0.8793449306888604,0.8601563309640149,0.8988168075478473
England,2020-07-02,561,2020-06-26,2020-07-09,0.9049213659156617,0.9048836328384599,0.8851917607928864,0.9248654046694571
England,2020-07-03,539,2020-06-27,2020-07-10,0.9082402637379039,0.9082017857925199,0.8882812398104037,0.9284179543087256
England,2020-07-04,385,2020-06-28,2020-07-11,0.9139030639122607,0.9138639332718422,0.8937134112213833,0.9343150924488175
England,2020-07-05,539,2020-06-29,2020-07-12,0.9214438731997002,0.9214041132512913,0.9010091689095082,0.9421045296323952
England,2020-07-06,657,2020-06-30,2020-07-13,0.9377801283068401,0.9377397783668809,0.9170125245825448,0.9587770370426069
England,2020-07-07,557,2020-07-01,2020-07-14,0.959312490647691,0.9592716256753642,0.9381736047163127,0.9806836084760698
England,2020-07-08,673,2020-07-02,2020-07-15,0.9830117164008688,0.9829704639613103,0.9615112223103458,1.0047466443348292
England,2020-07-09,681,2020-07-03,2020-07-16,0.9981942904082106,0.998152808177591,0.9764675568943401,1.020156763650763
England,2020-07-10,518,2020-07-04,2020-07-17,1.0013276066028145,1.001286035621961,0.9795434748965722,1.023347982397584
England,2020-07-11,420,2020-07-05,2020-07-18,1.0119757111650518,1.011934122856282,0.9900708924487643,1.0341168724465968
England,2020-07-12,351,2020-07-06,2020-07-19,0.9954561962047261,0.9954146412555186,0.9737405387874878,1.017408006602063
England,2020-07-13,689,2020-07-07,2020-07-20,1.0068497450141134,1.0068082137530776,0.9850156837921945,1.028919824602854
England,2020-07-14,649,2020-07-08,2020-07-21,1.0235060756637147,1.023464545994726,1.0014915996387161,1.0457565610140998
England,2020-07-15,723,2020-07-09,2020-07-22,1.0306438047555788,1.0306023738004866,1.0085784182429083,1.0529446396149187
England,2020-07-16,639,2020-07-10,2020-07-23,1.0325450892312307,1.0325038405193516,1.0105076196093739,1.0548169715303912
England,2020-07-17,547,2020-07-11,2020-07-24,1.0512924187323762,1.0512513849648712,1.0291124356870722,1.0737055929537676
England,2020-07-18,467,2020-07-12,2020-07-25,1.052879504731188,1.0528387525923295,1.0307586005516227,1.0752319996196722
England,2020-07-19,413,2020-07-13,2020-07-26,1.0636377158041355,1.063597316589103,1.041499477459673,1.086005539229721
England,2020-07-20,753,2020-07-14,2020-07-27,1.0677797862541134,1.0677397767864454,1.0457049625565937,1.0900819801381902
England,2020-07-21,691,2020-07-15,2020-07-28,1.0718804112532345,1.0718408397474941,1.0498837867914301,1.0941019170082755
England,2020-07-22,750,2020-07-16,2020-07-29,1.0887302238886776,1.0886911132348513,1.0666893176140337,1.1109933924851372
England,2020-07-23,733,2020-07-17,2020-07-30,1.0994800912033758,1.0994415010089136,1.0774772239659318,1.1217022630458189
England,2020-07-24,714,2020-07-18,2020-07-31,1.0911274176058716,1.0910894285847832,1.0693792516733425,1.1130914717314884
England,2020-07-25,492,2020-07-19,2020-08-01,1.076704554487946,1.0766671691439214,1.0552727989882433,1.09834876753899
England,2020-07-26,515,2020-07-20,2020-08-02,1.0725215753471893,1.072484719160837,1.051282864695104,1.0939697363979466
England,2020-07-27,809,2020-07-21,2020-08-03,1.0793606342633895,1.0793242445878997,1.0581885941778242,1.1007394736133704
England,2020-07-28,782,2020-07-22,2020-08-04,1.090206148136079,1.0901702248540996,1.0690636233932174,1.1115528216767432
England,2020-07-29,973,2020-07-23,2020-08-05,1.095135981202101,1.095100567617662,1.0740956213627166,1.1163775932784488
England,2020-07-30,857,2020-07-24,2020-08-06,1.1039339043158582,1.1038990383027931,1.0829719735980352,1.1250939754771023
England,2020-07-31,624,2020-07-25,2020-08-07,1.1012032222600971,1.1011689330766576,1.080440443775367,1.1221608631202127
England,2020-08-01,493,NA,NA,NA,NA,NA,NA
England,2020-08-02,513,NA,NA,NA,NA,NA,NA
England,2020-08-03,940,NA,NA,NA,NA,NA,NA
England,2020-08-04,920,NA,NA,NA,NA,NA,NA
England,2020-08-05,942,NA,NA,NA,NA,NA,NA
England,2020-08-06,979,NA,NA,NA,NA,NA,NA
England,2020-08-07,865,NA,NA,NA,NA,NA,NA
Portugal,2020-03-03,1,NA,NA,NA,NA,NA,NA
Portugal,2020-03-04,2,NA,NA,NA,NA,NA,NA
Portugal,2020-03-05,3,NA,NA,NA,NA,NA,NA
Portugal,2020-03-06,4,NA,NA,NA,NA,NA,NA
Portugal,2020-03-07,8,NA,NA,NA,NA,NA,NA
Portugal,2020-03-08,9,NA,NA,NA,NA,NA,NA
Portugal,2020-03-09,9,NA,NA,NA,NA,NA,NA
Portugal,2020-03-10,2,2020-03-04,2020-03-17,3.73010126901734,3.7273075580544255,3.3915393594205536,4.0845391565794085
Portugal,2020-03-11,18,2020-03-05,2020-03-18,3.8180097419239507,3.8160120159407045,3.5272332528831787,4.120138917786212
Portugal,2020-03-12,19,2020-03-06,2020-03-19,3.335223810196854,3.333793106926151,3.104804855465305,3.5737732014544092
Portugal,2020-03-13,34,2020-03-07,2020-03-20,3.169559669219844,3.168511596049656,2.976888089880247,3.3681872873517644
Portugal,2020-03-14,57,2020-03-08,2020-03-21,2.9900913138749905,2.9893003216406866,2.8272502829983073,3.157427443366464
Portugal,2020-03-15,76,2020-03-09,2020-03-22,2.857211973007132,2.8566057552749333,2.717655308131331,3.0002136956025147
Portugal,2020-03-16,86,2020-03-10,2020-03-23,2.8631992008451954,2.862727206899729,2.739747340599254,2.9893333470396257
Portugal,2020-03-17,117,2020-03-11,2020-03-24,2.573370325061212,2.573000915839233,2.4697546465806,2.6790853142966204
Portugal,2020-03-18,194,2020-03-12,2020-03-25,2.5909017305282136,2.590607683377161,2.4980384375267373,2.685436062079197
Portugal,2020-03-19,143,2020-03-13,2020-03-26,2.468030366937978,2.467793083198145,2.3865540078906613,2.5508551850196444
Portugal,2020-03-20,235,2020-03-14,2020-03-27,2.4009681689202527,2.400775647555534,2.328529922595535,2.4745004949778515
Portugal,2020-03-21,260,2020-03-15,2020-03-28,2.3702730539649,2.3701151008147585,2.3050367484585053,2.436406991946269
Portugal,2020-03-22,320,2020-03-16,2020-03-29,2.234266177180623,2.2341359309977746,2.176726172448126,2.2925463586070403
Portugal,2020-03-23,460,2020-03-17,2020-03-30,1.9785065378092785,1.9783980324211783,1.929075631516552,2.0285540700037914
Portugal,2020-03-24,302,2020-03-18,2020-03-31,1.943970446587534,1.9438778244234676,1.8986816331428586,1.9897856232113111
Portugal,2020-03-25,633,2020-03-19,2020-04-01,1.836266504625346,1.8361860730789208,1.7952391089591635,1.87775098538639
Portugal,2020-03-26,549,2020-03-20,2020-04-02,1.7436617164671806,1.743591265994805,1.7062367057780803,1.7814870907751554
Portugal,2020-03-27,724,2020-03-21,2020-04-03,1.6637289115263953,1.6636663680959918,1.6292777811111006,1.6985354705989952
Portugal,2020-03-28,902,2020-03-22,2020-04-04,1.5576398248351568,1.5575836636727205,1.5260483935551439,1.589550414939561
Portugal,2020-03-29,792,2020-03-23,2020-04-05,1.483171481726686,1.483120403364571,1.4537691502775665,1.5128640869218728
Portugal,2020-03-30,446,2020-03-24,2020-04-06,1.365063246326206,1.3650161965594962,1.3379911529144588,1.3924027193377346
Portugal,2020-03-31,1035,2020-03-25,2020-04-07,1.3289205081669089,1.3288765670004876,1.3031040786810264,1.3549866513695161
Portugal,2020-04-01,808,2020-03-26,2020-04-08,1.263808463705517,1.2637669472940092,1.2393365305839024,1.2885163308805843
Portugal,2020-04-02,783,2020-03-27,2020-04-09,1.234686950471705,1.234647426801813,1.211084788888391,1.2585137215432451
Portugal,2020-04-03,852,2020-03-28,2020-04-10,1.2743849618443195,1.274347050845603,1.2508966293602428,1.298088739168761
Portugal,2020-04-04,638,2020-03-29,2020-04-11,1.1795899437467945,1.1795535974264049,1.1574651304466905,1.2019213099508914
Portugal,2020-04-05,754,2020-03-30,2020-04-12,1.1150740203121148,1.1150390345001053,1.093970096135256,1.1363767657406827
Portugal,2020-04-06,452,2020-03-31,2020-04-13,1.0771803535541675,1.0771462452520364,1.0567003406019402,1.0978542009455463
Portugal,2020-04-07,712,2020-04-01,2020-04-14,1.0064333623701716,1.0063998349065937,0.9868089856929234,1.0262482726209587
Portugal,2020-04-08,699,2020-04-02,2020-04-15,0.9816142972684384,0.9815810483307935,0.9623148580505169,1.0011026872179587
Portugal,2020-04-09,815,2020-04-03,2020-04-16,0.9783164404499604,0.978283191723434,0.9590496680426285,0.9977721623883057
Portugal,2020-04-10,1516,2020-04-04,2020-04-17,0.9138595296843947,0.9138261907473807,0.8952163333089723,0.9326921882310086
Portugal,2020-04-11,515,2020-04-05,2020-04-18,0.9239915716034505,0.9239579550133666,0.9051672804316707,0.9430069028244897
Portugal,2020-04-12,598,2020-04-06,2020-04-19,0.9128031668986735,0.9127690907756051,0.893966987628607,0.9318329976955289
Portugal,2020-04-13,349,2020-04-07,2020-04-20,0.94667393391544,0.9466393865177366,0.9273581519934196,0.9661860455816337
Portugal,2020-04-14,514,2020-04-08,2020-04-21,0.9378548072568323,0.9378198311775829,0.9185113699303074,0.9573970104800464
Portugal,2020-04-15,643,2020-04-09,2020-04-22,0.9371147672492509,0.9370794393262158,0.917682493652186,0.9567478062363514
Portugal,2020-04-16,750,2020-04-10,2020-04-23,0.8998215996066729,0.8997858841486324,0.8806783441425644,0.9191678227718457
Portugal,2020-04-17,181,2020-04-11,2020-04-24,0.7959205601037338,0.7958843459749839,0.7777979732766052,0.8142489484869024
Portugal,2020-04-18,663,2020-04-12,2020-04-25,0.8254110953996645,0.8253739451390412,0.8067182341531812,0.8443150781572827
Portugal,2020-04-19,521,2020-04-13,2020-04-26,0.8387137144317023,0.8386753121017136,0.8195568614488473,0.85808880431418455
Portugal,2020-04-20,657,2020-04-14,2020-04-27,0.841874748587899,0.8418351908529267,0.8223966910790163,0.8615776090461376
Portugal,2020-04-21,516,2020-04-15,2020-04-28,0.8393720322648486,0.8393313357898479,0.8196468003029311,0.8593285385172588
Portugal,2020-04-22,603,2020-04-16,2020-04-29,0.805716279659751,0.8056744137810115,0.7861189149868585,0.8255515642046853
Portugal,2020-04-23,371,2020-04-17,2020-04-30,0.8055120836240496,0.8054688884071926,0.7856104666328606,0.8256591749759465
Portugal,2020-04-24,444,2020-04-18,2020-05-01,0.8491149355294875,0.8490702221547665,0.8283246348860888,0.8701593380914636
Portugal,2020-04-25,595,2020-04-19,2020-05-02,0.8001887224069028,0.8001425918568729,0.779694756177383,0.8209448441798606
Portugal,2020-04-26,472,2020-04-20,2020-05-03,0.7641387099532831,0.76409112727378,0.7438040689514326,0.7847437587653495
Portugal,2020-04-27,163,2020-04-21,2020-05-04,0.732600415712005,0.7325509630575313,0.7123079397244862,0.7531739263426152
Portugal,2020-04-28,295,2020-04-22,2020-05-05,0.7136455037695904,0.7135937909935367,0.6931698427214399,0.734415043457467
Portugal,2020-04-29,183,2020-04-23,2020-05-06,0.7298881894305153,0.7298338466021653,0.708662864368687,0.7514223394382709
Portugal,2020-04-30,551,2020-04-24,2020-05-07,0.7954699752935206,0.7954128178735993,0.7727420853752737,0.8185226852366573
Portugal,2020-05-01,295,2020-04-25,2020-05-08,0.8506337501924797,0.850574032196642,0.8266083415651825,0.8749985303682931
Portugal,2020-05-02,115,2020-04-26,2020-05-09,0.7945440871902488,0.7944823662927502,0.7709467944740418,0.818492133650387
Portugal,2020-05-03,92,2020-04-27,2020-05-10,0.7635425791959981,0.7634788560070959,0.7400444042307103,0.7874028866494964
Portugal,2020-05-04,242,2020-04-28,2020-05-11,0.781392938152006,0.7813266463770272,0.7571488617724569,0.8060137440169655
Portugal,2020-05-05,178,2020-04-29,2020-05-12,0.8015100989711843,0.8014410281491948,0.7764480666644381,0.8269646537878936
Portugal,2020-05-06,480,2020-04-30,2020-05-13,0.8401690331221878,0.8400972984672264,0.8140186477779241,0.8667270792826166
Portugal,2020-05-07,533,2020-05-01,2020-05-14,0.787258362697397,0.7871842341491193,0.7615359820672799,0.8134020082579116
Portugal,2020-05-08,553,2020-05-02,2020-05-15,0.806730378336412,0.8066537452260268,0.7802565672225646,0.8336396875362745
Portugal,2020-05-09,138,2020-05-03,2020-05-16,0.863547005804558,0.8634675127665342,0.8356467959625282,0.8918989664576261
Portugal,2020-05-10,175,2020-05-04,2020-05-17,0.9229905445423937,0.9229086114774121,0.893702410254265,0.9527442961234094
Portugal,2020-05-11,98,2020-05-05,2020-05-18,0.9244254983477586,0.9243419017991034,0.8948207534250076,0.9545053139423436
Portugal,2020-05-12,234,2020-05-06,2020-05-19,0.9491377143415441,0.9490529182513301,0.9189239469734444,0.9798333692739214
Portugal,2020-05-13,219,2020-05-07,2020-05-20,0.8956300048912207,0.8955441933795172,0.8661134479205905,0.9256342198435781
Portugal,2020-05-14,187,2020-05-08,2020-05-21,0.8345325859556241,0.8344456027244153,0.8058569501238865,0.8637025383724974
Portugal,2020-05-15,264,2020-05-09,2020-05-22,0.7833144541692217,0.7832254328456774,0.7552198744371839,0.8119149325707918
Portugal,2020-05-16,227,2020-05-10,2020-05-23,0.8462989339897976,0.8462069267518237,0.8166050877615495,0.8765156476180008
Portugal,2020-05-17,226,2020-05-11,2020-05-24,0.8682626681995487,0.8681675596709411,0.8376842953669295,0.8993815327218627
Portugal,2020-05-18,173,2020-05-12,2020-05-25,0.9104504345228234,0.9103528532704785,0.8787305082209145,0.9427249047910352
Portugal,2020-05-19,223,2020-05-13,2020-05-26,0.9246659272984139,0.9245663421373108,0.8923734519401598,0.9575243346139646
Portugal,2020-05-20,228,2020-05-14,2020-05-27,0.9587939891523114,0.9586928844372878,0.9256579909771077,0.9925045547983276
Portugal,2020-05-21,252,2020-05-15,2020-05-28,1.005282149750275,1.0051799264459873,0.9711598156254005,1.039985408254135
Portugal,2020-05-22,288,2020-05-16,2020-05-29,1.0358832249574839,1.0357805827681108,1.0011707245934385,1.0711790302382915
Portugal,2020-05-23,271,2020-05-17,2020-05-30,1.0423883507990253,1.042285976987521,1.007611281290627,1.0777472000799162
Portugal,2020-05-24,152,2020-05-18,2020-05-31,1.0578082003305882,1.057706440820484,1.0228770971373067,1.0933175923292442
Portugal,2020-05-25,165,2020-05-19,2020-06-01,1.0575822424394847,1.0574812912850948,1.0227927546954956,1.0929454252028408
Portugal,2020-05-26,219,2020-05-20,2020-06-02,1.0392092077413555,1.0391092085662275,1.0048873715554139,1.074099328929879
Portugal,2020-05-27,285,2020-05-21,2020-06-03,1.0718335339670653,1.071734346858179,1.037113357880901,1.1071173802458985
Portugal,2020-05-28,304,2020-05-22,2020-06-04,1.0853830989028568,1.085284813507228,1.0506002749274106,1.1207244687688516
Portugal,2020-05-29,350,2020-05-23,2020-06-05,1.0972105324529997,1.097113521552546,1.0624628668381655,1.1325095011768402
Portugal,2020-05-30,257,2020-05-24,2020-06-06,1.112564486674216,1.1124689316199128,1.0778340994984141,1.1478379035850774
Portugal,2020-05-31,297,2020-05-25,2020-06-07,1.1469245918436595,1.1468306830665198,1.1119605851187022,1.1824222727577531
Portugal,2020-06-01,200,2020-05-26,2020-06-08,1.130137226677896,1.1300453020900616,1.0957977965517536,1.1649990550544689
Portugal,2020-06-02,195,2020-05-27,2020-06-09,1.1588135897240286,1.1587237604512766,1.124433564808853,1.193704105497301
Portugal,2020-06-03,366,2020-05-28,2020-06-10,1.1338645401183445,1.1337768284338552,1.1002595981864958,1.1679679388670345
Portugal,2020-06-04,331,2020-05-29,2020-06-11,1.1079637553463888,1.1078781664288113,1.0751491165073357,1.1412647875301263
Portugal,2020-06-05,377,2020-05-30,2020-06-12,1.0654144996381063,1.0653306429210436,1.033565635778145,1.0977399128923515
Portugal,2020-06-06,382,2020-05-31,2020-06-13,1.055895901431513,1.0558133010078685,1.0244273052999155,1.0878339075752264
Portugal,2020-06-07,342,2020-06-01,2020-06-14,1.0275096945201745,1.0274279721655548,0.9966343337962715,1.0588494752540287
Portugal,2020-06-08,192,2020-06-02,2020-06-15,1.0552357002263466,1.0551545979835797,1.0240614901013696,1.0868708063741204
Portugal,2020-06-09,421,2020-06-03,2020-06-16,1.0731010936517522,1.0730205678543197,1.0417732551478442,1.104886552328178
Portugal,2020-06-10,294,2020-06-04,2020-06-17,1.0543621667024285,1.054282509101644,1.0234776856334986,1.0856993340591117
Portugal,2020-06-11,310,2020-06-05,2020-06-18,1.0632881308928677,1.0632093348263654,1.0324391923568725,1.0945848597268022
Portugal,2020-06-12,270,2020-06-06,2020-06-19,1.0522982577009228,1.0522202413614492,1.0217614256841734,1.083278448903024
Portugal,2020-06-13,283,2020-06-07,2020-06-20,1.0407578517977467,1.040680605147575,1.0105392278283674,1.0714154608824888
Portugal,2020-06-14,227,2020-06-08,2020-06-21,1.0209187385944252,1.020842111324691,0.9911109676312969,1.0511619747810073
Portugal,2020-06-15,346,2020-06-09,2020-06-22,1.0306128058352564,1.0305366006254835,1.000744809986339,1.0609138684007777
Portugal,2020-06-16,300,2020-06-10,2020-06-23,1.0086970876313306,1.0086212239430439,0.9792164843770732,1.0386088167484244
Portugal,2020-06-17,336,2020-06-11,2020-06-24,1.021611375315214,1.0215357853828546,0.9919944636467771,1.0516578571383917
Portugal,2020-06-18,417,2020-06-12,2020-06-25,1.019172595490435,1.0190972027406886,0.9896296398189203,1.049144000747551
Portugal,2020-06-19,375,2020-06-13,2020-06-26,1.056358826189863,1.0562837002763958,1.026330749526634,1.0868138360806052
Portugal,2020-06-20,377,2020-06-14,2020-06-27,1.0588554971879043,1.0587808309286846,1.028883161985141,1.0892521534576785
Portugal,2020-06-21,292,2020-06-15,2020-06-28,1.099765492558125,1.0996915397409464,1.0693608536123818,1.1305903982015122
Portugal,2020-06-22,259,2020-06-16,2020-06-29,1.0680957926216739,1.068022791267462,1.0383271931084799,1.0982792517432654
Portugal,2020-06-23,345,2020-06-17,2020-06-30,1.0377439877769452,1.0376720130792654,1.008609959854931,1.0672870409022974
Portugal,2020-06-24,367,2020-06-18,2020-07-01,1.023365982059891,1.0232946632709834,0.9945671008820813,1.052570160970186
Portugal,2020-06-25,311,2020-06-19,2020-07-02,0.9988126908497654,0.9987417634189751,0.9704414486254341,1.0275870067363093
Portugal,2020-06-26,451,2020-06-20,2020-07-03,0.9962949375510158,0.996224173835113,0.9679922186206904,1.0249997997676072
Portugal,2020-06-27,323,2020-06-21,2020-07-04,1.0040838153611227,1.0040130413262893,0.9756678346138062,1.032901998044427
Portugal,2020-06-28,457,2020-06-22,2020-07-05,1.0115810320215206,1.0115102682264403,0.9830604582661523,1.04050374952948
Portugal,2020-06-29,266,2020-06-23,2020-07-06,1.0045149004450367,1.0044442305185008,0.9761135408275036,1.0333178703632964
Portugal,2020-06-30,229,2020-06-24,2020-07-07,0.9908216184082281,0.9907510479615462,0.9626355984976069,1.0194086832720068
Portugal,2020-07-01,313,2020-06-25,2020-07-08,1.0071935295505576,1.0071229393501748,0.9787699921347867,1.036018224195155
Portugal,2020-07-02,328,2020-06-26,2020-07-09,1.0300964434230604,1.0300258365349946,1.0013459068506527,1.059248232082238
Portugal,2020-07-03,374,NA,NA,NA,NA,NA,NA
Portugal,2020-07-04,413,NA,NA,NA,NA,NA,NA
Portugal,2020-07-05,328,NA,NA,NA,NA,NA,NA
Portugal,2020-07-06,232,NA,NA,NA,NA,NA,NA
Portugal,2020-07-07,287,NA,NA,NA,NA,NA,NA
Portugal,2020-07-08,443,NA,NA,NA,NA,NA,NA
Portugal,2020-07-09,418,NA,NA,NA,NA,NA,NA
Spain,2020-02-12,3,NA,NA,NA,NA,NA,NA
Spain,2020-02-13,0,NA,NA,NA,NA,NA,NA
Spain,2020-02-14,0,NA,NA,NA,NA,NA,NA
Spain,2020-02-15,0,NA,NA,NA,NA,NA,NA
Spain,2020-02-16,1,NA,NA,NA,NA,NA,NA
Spain,2020-02-17,6,NA,NA,NA,NA,NA,NA
Spain,2020-02-18,8,NA,NA,NA,NA,NA,NA
Spain,2020-02-19,18,2020-02-13,2020-02-26,4.046463542845152,4.043923673636376,3.709564416455496,4.39779619293433
Spain,2020-02-20,19,2020-02-14,2020-02-27,4.120430383137198,4.118637471271822,3.8337642447427775,4.417285323785629
Spain,2020-02-21,28,2020-02-15,2020-02-28,4.108403077974818,4.107155906975127,3.868958574635741,4.354935069770616
Spain,2020-02-22,55,2020-02-16,2020-02-29,3.987821436166881,3.986954363488638,3.790672607376858,4.189897726937828
Spain,2020-02-23,57,2020-02-17,2020-03-01,4.1867037671072955,4.186096750167602,4.017295373473806,4.359561769046696
Spain,2020-02-24,74,2020-02-18,2020-03-02,4.141906707635412,4.1414845025753495,4.001147399617739,4.285065362961571
Spain,2020-02-25,82,2020-02-19,2020-03-03,3.8696960949392496,3.8694040022337575,3.7563955436396803,3.9846565802761114
Spain,2020-02-26,182,2020-02-20,2020-03-04,3.651635551590867,3.651429943539266,3.5592015135851174,3.745238040725311
Spain,2020-02-27,235,2020-02-21,2020-03-05,3.368393527660841,3.3682456365810007,3.2930454091495074,3.44458209759946
Spain,2020-02-28,332,2020-02-22,2020-03-06,3.169440672106489,3.169331802179428,3.106690394156033,3.23280964808014
Spain,2020-02-29,435,2020-02-23,2020-03-07,2.7908282656260663,2.7907463106237085,2.739720555404032,2.842401718858154
Spain,2020-03-01,767,2020-02-24,2020-03-08,2.6349206694307474,2.6348571025839087,2.591166760428115,2.6790358232582063
Spain,2020-03-02,977,2020-02-25,2020-03-09,2.649155100481664,2.6491044640518564,2.6099808835124105,2.6886170799025892
Spain,2020-03-03,1154,2020-02-26,2020-03-10,2.6029143763847884,2.6028738212888665,2.5681509194346446,2.637908304468825
Spain,2020-03-04,1522,2020-02-27,2020-03-11,2.515334212004435,2.5153016726009714,2.484714509938957,2.5461388327291825
Spain,2020-03-05,1691,2020-02-28,2020-03-12,2.4476331617559826,2.4476068414720658,2.4204604690412377,2.47495543041553
Spain,2020-03-06,2140,2020-02-29,2020-03-13,2.289274557833537,2.2892530829011712,2.265533062734323,2.313138093161326
Spain,2020-03-07,1702,2020-03-01,2020-03-14,2.1164248250852555,2.116407067933316,2.0956641273267107,2.1372864352437126
Spain,2020-03-08,2523,2020-03-02,2020-03-15,2.0972785790595982,2.0972636027962692,2.078295550550498,2.116346716416727
Spain,2020-03-09,3696,2020-03-03,2020-03-16,2.077529437261069,2.0775166699991114,2.0600821201765687,2.095049309626871
Spain,2020-03-10,4037,2020-03-04,2020-03-17,2.030343493475751,2.0303325882144194,2.014400574871425,2.0463483857694613
Spain,2020-03-11,4555,2020-03-05,2020-03-18,1.956873969033309,1.9568646124992986,1.9423745135947716,1.9714265968743965
Spain,2020-03-12,5466,2020-03-06,2020-03-19,1.8511931355109723,1.8511850452039254,1.8380785019844892,1.8643537455784764
Spain,2020-03-13,4868,2020-03-07,2020-03-20,1.7105462825537103,1.710539205880985,1.6987552898357652,1.7223774914136194
Spain,2020-03-14,4630,2020-03-08,2020-03-21,1.5978936983377274,1.5978874074468257,1.5871484472781974,1.6086747000068065
Spain,2020-03-15,7718,2020-03-09,2020-03-22,1.5408826861942406,1.540876998311082,1.5308487902697774,1.5509489058857244
Spain,2020-03-16,8538,2020-03-10,2020-03-23,1.467599110731393,1.467593908198236,1.4582335315202914,1.4769942555059776
Spain,2020-03-17,8973,2020-03-11,2020-03-24,1.4058592893748656,1.4058544867155929,1.3970518861012982,1.414693985762003
Spain,2020-03-18,9177,2020-03-12,2020-03-25,1.3474755817510127,1.3474711041385445,1.3391497233446186,1.3558268860570875
Spain,2020-03-19,8248,2020-03-13,2020-03-26,1.2828826022161948,1.28287839042586,1.275003510682464,1.2907856290045416
Spain,2020-03-20,6440,2020-03-14,2020-03-27,1.2261591305064068,1.2261551318421022,1.2186535823348976,1.233687402755023
Spain,2020-03-21,5797,2020-03-15,2020-03-28,1.1640427122257115,1.164038880253499,1.1568838491268791,1.1712233521043138
Spain,2020-03-22,8158,2020-03-16,2020-03-29,1.0980689038382276,1.0980651973538191,1.0912307955011258,1.1049280758182658
Spain,2020-03-23,7425,2020-03-17,2020-03-30,1.0408685818395946,1.0408649599050137,1.0342874880154262,1.047470258816973
Spain,2020-03-24,7581,2020-03-18,2020-03-31,0.9928439268867976,0.9928403517013797,0.9864582363210224,0.9992499349340812
Spain,2020-03-25,7292,2020-03-19,2020-04-01,0.9393645447227813,0.9393609843008821,0.9331663107597093,0.9455830122673664
Spain,2020-03-26,6685,2020-03-20,2020-04-02,0.9039852872014525,0.9039817106478553,0.897891352233711,0.9100995474256779
Spain,2020-03-27,5551,2020-03-21,2020-04-03,0.8877777988696792,0.8877741776543296,0.8817013067062105,0.893874870098558
Spain,2020-03-28,3673,2020-03-22,2020-04-04,0.8729504032658658,0.8729467190008693,0.8668728162985458,0.8790489276043792
Spain,2020-03-29,5213,2020-03-23,2020-04-05,0.8340876649089151,0.8340839052199518,0.8280867463942053,0.8401099494227088
Spain,2020-03-30,5579,2020-03-24,2020-04-06,0.8208144840914118,0.8208106292567529,0.8147868724349633,0.8268640024518475
Spain,2020-03-31,5748,2020-03-25,2020-04-07,0.8006996592307123,0.8006956872141778,0.7946568581203525,0.8067650329796613
Spain,2020-04-01,4554,2020-03-26,2020-04-08,0.7854958605293171,0.7854917549752565,0.7794112286755203,0.7916038239040885
Spain,2020-04-02,4554,2020-03-27,2020-04-09,0.7784260380979798,0.7784217800800978,0.7722576781879757,0.7846185959679046
Spain,2020-04-03,3909,2020-03-28,2020-04-10,0.7580915482352185,0.7580871220998502,0.751885684891133,0.7643225649365034
Spain,2020-04-04,3057,2020-03-29,2020-04-11,0.7698940238261925,0.7698894113119408,0.7635098907480509,0.7763043694369917
Spain,2020-04-05,3128,2020-03-30,2020-04-12,0.7708042629277578,0.770799450339365,0.7642795651967994,0.7773563101957194
Spain,2020-04-06,4452,2020-03-31,2020-04-13,0.7550122231952583,0.7550072072418995,0.7484201201440266,0.7616328314891395
Spain,2020-04-07,3799,2020-04-01,2020-04-14,0.7440185691196699,0.744013334609032,0.7373340087081426,0.7507328768161089
Spain,2020-04-08,3872,2020-04-02,2020-04-15,0.7384473308725182,0.7384418546931645,0.7316362551337628,0.7452895272787793
Spain,2020-04-09,3848,2020-04-03,2020-04-16,0.7385263711692213,0.7385206328215056,0.7315541668708524,0.7455311860154477
Spain,2020-04-10,1705,2020-04-04,2020-04-17,0.7337080154510375,0.7337019984018341,0.7265922885996094,0.7408579366868977
Spain,2020-04-11,2219,2020-04-05,2020-04-18,0.743255519640839,0.7432492073407597,0.7359203474296354,0.7506265641219686
Spain,2020-04-12,2963,2020-04-06,2020-04-19,0.7478492386208817,0.7478426180943046,0.7403143225620379,0.7554217785743756
Spain,2020-04-13,2365,2020-04-07,2020-04-20,0.70913398304842,0.7091270481039169,0.7016254455208908,0.7166819312797922
Spain,2020-04-14,2953,2020-04-08,2020-04-21,0.6896693264931264,0.6896620427549646,0.682081409192378,0.6972986366613925
Spain,2020-04-15,2124,2020-04-09,2020-04-22,0.6690211222155887,0.6690134302114183,0.6613419717184249,0.6767439857198921
Spain,2020-04-16,2505,2020-04-10,2020-04-23,0.6500560236574607,0.650047869333222,0.6422633270068459,0.6578950606391017
Spain,2020-04-17,1655,2020-04-11,2020-04-24,0.6704224808157834,0.6704138025646087,0.6622587570233932,0.6786355223706617
Spain,2020-04-18,1660,2020-04-12,2020-04-25,0.6649534054434953,0.664944164611863,0.6565645721523813,0.6733947535920398
Spain,2020-04-19,1532,2020-04-13,2020-04-26,0.6500117727120722,0.6500019468534436,0.6414603611295814,0.6586190238078969
Spain,2020-04-20,884,2020-04-14,2020-04-27,0.6455280721885442,0.6455176049314655,0.6367334892881151,0.6543821396123071
Spain,2020-04-21,1276,2020-04-15,2020-04-28,0.620011351781993,0.620000179234231,0.6111083300010259,0.6289778661883497
Spain,2020-04-22,1302,2020-04-16,2020-04-29,0.6289914893755125,0.6289795318574801,0.6197154553196033,0.6383354769726082
Spain,2020-04-23,1429,2020-04-17,2020-04-30,0.6085150927400227,0.6085022687149684,0.5990683301407934,0.618034733159226
Spain,2020-04-24,883,2020-04-18,2020-05-01,0.6119756548012287,0.6119618883638471,0.6021613997418783,0.6218681433236986
Spain,2020-04-25,454,2020-04-19,2020-05-02,0.7130687206190435,0.7130539131996539,0.7020798551176669,0.7241417353990279
Spain,2020-04-26,1028,2020-04-20,2020-05-03,0.7229334900473724,0.7229176986388401,0.7115082747236132,0.7344484465709271
Spain,2020-04-27,871,2020-04-21,2020-05-04,0.7474334827782555,0.747416831026654,0.7355044814076233,0.7594571146018774
Spain,2020-04-28,894,2020-04-22,2020-05-05,0.7441517692626254,0.7441342701760122,0.7319512298522972,0.7564517544522961
Spain,2020-04-29,1160,2020-04-23,2020-05-06,0.7522099652011098,0.7521916231697933,0.7396525175748238,0.7648716489843594
Spain,2020-04-30,788,2020-04-24,2020-05-07,0.738383127181112,0.7383639135534432,0.7256512032301603,0.7512242404879547
Spain,2020-05-01,656,2020-04-25,2020-05-08,0.7472995940066739,0.7472794648210749,0.7341903868807452,0.7605231935197045
Spain,2020-05-02,2894,2020-04-26,2020-05-09,0.774529306917053,0.7745082072778534,0.7608658171242837,0.788312704097787
Spain,2020-05-03,740,2020-04-27,2020-05-10,0.7598601353337443,0.7598380875094761,0.7460278577863416,0.7738177087127698
Spain,2020-05-04,586,2020-04-28,2020-05-11,0.7634992485198804,0.763476246134997,0.7493381379517838,0.7777910795974793
Spain,2020-05-05,489,2020-04-29,2020-05-12,0.7675354813596689,0.7675114584735827,0.7530267407628426,0.7821807418775968
Spain,2020-05-06,797,2020-04-30,2020-05-13,0.7425520825794897,0.7425270126032749,0.7279763885475832,0.7572702470390902
Spain,2020-05-07,569,2020-05-01,2020-05-14,0.7518568341956687,0.7518306299514383,0.7368631583335831,0.7669994264227515
Spain,2020-05-08,448,2020-05-02,2020-05-15,0.7704206452939393,0.7703932088349834,0.7548910808783861,0.7861061286355447
Spain,2020-05-09,315,2020-05-03,2020-05-16,0.5805185509147135,0.5804898920750764,0.5667534095954341,0.5944465577544414
Spain,2020-05-10,280,2020-05-04,2020-05-17,0.5737985676738153,0.5737682226966802,0.559719423810254,0.5880501591974195
Spain,2020-05-11,447,2020-05-05,2020-05-18,0.592250543932828,0.5922177616503327,0.577385578635489,0.6073018078506254
Spain,2020-05-12,480,2020-05-06,2020-05-19,0.6212791966948754,0.6212437723079117,0.605454136950289,0.6373055698777731
Spain,2020-05-13,383,2020-05-07,2020-05-20,0.6212897541535506,0.6212516152356027,0.6048733568325935,0.6379228912995739
Spain,2020-05-14,479,2020-05-08,2020-05-21,0.637524165441922,0.6374832202341058,0.6202963312808171,0.6549846872801152
Spain,2020-05-15,452,2020-05-09,2020-05-22,0.6767873238512724,0.6767434255883762,0.6584085714692658,0.6954155458322723
Spain,2020-05-16,286,2020-05-10,2020-05-23,0.7034563506196806,0.7034095196480804,0.6841049376518161,0.7230738994703145
Spain,2020-05-17,291,2020-05-11,2020-05-24,0.7406169300239352,0.7405672880838564,0.720174219244394,0.7613417511434025
Spain,2020-05-18,305,2020-05-12,2020-05-25,0.7604266576865705,0.7603743521866312,0.7391658141648934,0.7819847482812132
Spain,2020-05-19,313,2020-05-13,2020-05-26,0.7680930044364672,0.7680382039754764,0.7462244064120512,0.7902730281247803
Spain,2020-05-20,381,2020-05-14,2020-05-27,0.7901795450456855,0.7901222988407298,0.7675104428356148,0.8131739718299873
Spain,2020-05-21,329,2020-05-15,2020-05-28,0.788222088739094,0.7881624570636112,0.7651178095904642,0.8116652488160403
Spain,2020-05-22,397,2020-05-16,2020-05-29,0.793944736675216,0.7938827590235898,0.7703077667605366,0.8179339194369849
Spain,2020-05-23,183,2020-05-17,2020-05-30,0.7969773305677303,0.7969129448929001,0.7728427071124794,0.8214778513892969
Spain,2020-05-24,246,2020-05-18,2020-05-31,0.8023028893635052,0.8022360651915703,0.7776363580172982,0.8273491757757322
Spain,2020-05-25,320,2020-05-19,2020-06-01,0.8145449762209077,0.8144756778837303,0.7892371252161074,0.840246642697946
Spain,2020-05-26,306,2020-05-20,2020-06-02,0.8261548533851161,0.826083102291124,0.8002222481267552,0.8524952128582897
Spain,2020-05-27,312,2020-05-21,2020-06-03,0.8186157270928065,0.8185415984550135,0.7923818869235766,0.8452708327587705
Spain,2020-05-28,284,2020-05-22,2020-06-04,0.8264006447567545,0.8263241061778627,0.7996197748996271,0.8536164755263297
Spain,2020-05-29,316,2020-05-23,2020-06-05,0.8068086899270125,0.8067296621438024,0.7799265534081892,0.8341399331608638
Spain,2020-05-30,142,2020-05-24,2020-06-06,0.8388271038649444,0.8387454437612923,0.8109632632646108,0.8671550103955877
Spain,2020-05-31,167,2020-05-25,2020-06-07,0.8580717089554336,0.8579873873441353,0.8294356045487704,0.8871870043486279
Spain,2020-06-01,221,2020-05-26,2020-06-08,0.8564907807635079,0.856404110517532,0.8274889659036886,0.8859851336029415
Spain,2020-06-02,233,2020-05-27,2020-06-09,0.8787965543206236,0.8787076269027968,0.8490394389607431,0.909059034932622
Spain,2020-06-03,224,2020-05-28,2020-06-10,0.9020298187073847,0.9019387338216172,0.8715181226423072,0.9330591406943615
Spain,2020-06-04,247,2020-05-29,2020-06-11,0.921868233482401,0.9217753142492201,0.8907135506570657,0.953550966638659
Spain,2020-06-05,201,2020-05-30,2020-06-12,0.9450543572644425,0.944959929050225,0.9132540378783578,0.9773913023814582
Spain,2020-06-06,204,2020-05-31,2020-06-13,0.9848753336247458,0.9847797348734167,0.9522073884951274,1.018086556584845
Spain,2020-06-07,214,2020-06-01,2020-06-14,1.0084879724049451,1.0083917075274567,0.9753134555229167,1.0422095526770752
Spain,2020-06-08,222,2020-06-02,2020-06-15,1.018822223462041,1.0187258278631761,0.9854543158223976,1.0527379373853645
Spain,2020-06-09,306,2020-06-03,2020-06-16,1.046811339543142,1.0467151091487759,1.0130132067855144,1.0811563398000057
Spain,2020-06-10,319,2020-06-04,2020-06-17,1.0726515184873022,1.072555764649269,1.03851956306071,1.1073276332470563
Spain,2020-06-11,290,2020-06-05,2020-06-18,1.096310868788251,1.0962160254621938,1.0619647171923483,1.1311960054266244
Spain,2020-06-12,345,2020-06-06,2020-06-19,1.1579902525752932,1.1578967016284853,1.1229231839914893,1.1935889618562479
Spain,2020-06-13,240,2020-06-07,2020-06-20,1.167142290299186,1.1670506431852599,1.1322932471978089,1.2025121548501294
Spain,2020-06-14,225,2020-06-08,2020-06-21,1.155511351211579,1.1554221099786055,1.121292427288653,1.1902374242263243
Spain,2020-06-15,252,2020-06-09,2020-06-22,1.1348466865010087,1.1347597861842884,1.1013817895457558,1.1688054293650663
Spain,2020-06-16,336,2020-06-10,2020-06-23,1.180452539210081,1.1803677193883702,1.1467250621233662,1.21466203904445
Spain,2020-06-17,332,2020-06-11,2020-06-24,1.221020137854904,1.2209374978924648,1.1871545089463313,1.2553554016584973
Spain,2020-06-18,366,2020-06-12,2020-06-25,1.2073789291151404,1.2072989658916005,1.1742503955525962,1.240961885950068
Spain,2020-06-19,474,2020-06-13,2020-06-26,1.1139637381494816,1.1138865413363797,1.082702801987233,1.145663376289829
Spain,2020-06-20,323,2020-06-14,2020-06-27,1.054367855203529,1.0542927266230957,1.0243677628585484,1.084794895929914
Spain,2020-06-21,285,NA,NA,NA,NA,NA,NA
Spain,2020-06-22,259,NA,NA,NA,NA,NA,NA
Spain,2020-06-23,592,NA,NA,NA,NA,NA,NA
Spain,2020-06-24,605,NA,NA,NA,NA,NA,NA
Spain,2020-06-25,398,NA,NA,NA,NA,NA,NA
Spain,2020-06-26,122,NA,NA,NA,NA,NA,NA
Spain,2020-06-27,108,NA,NA,NA,NA,NA,NA
